AccountNumber,Famille,Pays de facturation,Ville de facturation,Region/Province de facturation,Rue de facturation,Code postal de facturation,AccountSource,Telephone
1,Famille Airton,Canada,Moncton,NB,2432 Kenwood Drive,T1J1J3,Page Web,9679924128
2,Famille Willgoss,Canada,Toronto,ON,5384 Emmet Hill,E4S4S9,Telephone,5806558990
3,Famille Bockett,Canada,Calgary,AB,18 Logan Place,N6C6C4,Page Web,5784432631
4,Famille Peaurt,Canada,Halifax,NS,54 Luster Park,J3H3H7,Page Web,4662282538
5,Famille Haldin,Canada,Vancouver,BC,26954 Kings Place,T9M9M1,Telephone,1089572518
6,Famille Dederich,Canada,Ottawa,ON,654 Westridge Hill,G5N5N7,Telephone,2668562290
7,Famille O'Brollachain,Canada,Regina,SK,511 Del Sol Street,V9L9L7,Page Web,9802930317
8,Famille Tousy,Canada,Edmonton,AB,13929 Shasta Trail,S7K7K2,Telephone,6222480824
9,Famille Bucklan,Canada,Kelowna,BC,064 Reinke Place,N5L5L5,Telephone,2383158253
10,Famille Carlesso,Canada,Toronto,ON,6852 Bartelt Point,J6A6A8,Page Web,2923617541
11,Famille Izsak,Canada,Vancouver,BC,86 Sutteridge Center,K7V7V3,Telephone,4461669060
12,Famille Inderwick,Canada,Regina,SK,2 Mesta Park,G6E6E4,Page Web,1728052976
13,Famille Castiblanco,Canada,Moncton,NB,24 Dapin Lane,L1Z1Z4,Page Web,7226215717
14,Famille Patrick,Canada,Kelowna,BC,6449 Brown Plaza,K1Y1Y2,Page Web,4069662049
15,Famille Inder,Canada,Halifax,NS,9 Gulseth Trail,A1X1X4,Page Web,4116932711
16,Famille Daily,Canada,Vancouver,BC,07 Veith Drive,J0N0N8,Telephone,5809116607
17,Famille Gamlen,Canada,Edmonton,AB,56 Roxbury Drive,H7V7V8,Telephone,6267936181
18,Famille Hinkensen,Canada,Richmond,BC,7 Cottonwood Terrace,P4P4P5,Autre,5819559684
19,Famille Pitchers,Canada,Surrey,BC,8049 Elmside Hill,L7E7E3,Autre,2093931996
20,Famille Redgate,Canada,Hamilton,ON,19 Welch Point,R8N8N4,Telephone,5152960735
21,Famille Filon,Canada,Quebec City,QC,6604 8th Parkway,N2E2E7,Page Web,3004883210
22,Famille Craighall,Canada,Toronto,ON,602 Westport Alley,J5K5K7,Page Web,1582574543
23,Famille Angell,Canada,Regina,SK,584 Atwood Pass,N3E3E6,Page Web,2204760482
24,Famille Hucknall,Canada,Kelowna,BC,595 Heath Circle,L4K4K9,Telephone,9199739339
25,Famille Slaymaker,Canada,Victoria,BC,22719 Butterfield Way,Y1A1A1,Page Web,7522172516
26,Famille Presshaugh,Canada,Kingston,ON,4 Oriole Street,J7A7A1,Page Web,3025508174
27,Famille Syde,Canada,Kelowna,BC,2 Columbus Street,B4P4P6,Page Web,9809294403
28,Famille Oddboy,Canada,Ottawa,ON,79 Commercial Trail,M9R9R7,Telephone,2796703834
29,Famille De Francesco,Canada,Hamilton,ON,38014 Becker Parkway,V1K1K3,Autre,7503454702
30,Famille Kerwick,Canada,Halifax,NS,863 Spenser Circle,K1M1M7,Page Web,9629706855
31,Famille Massen,Canada,Montreal,QC,6909 Kingsford Lane,L1K1K5,Page Web,6164709430
32,Famille Sandwick,Canada,Winnipeg,MB,458 Graedel Court,M1C1C9,Page Web,7004838719
33,Famille Flacknoe,Canada,Kelowna,BC,083 Ruskin Trail,G8A8A4,Page Web,2392096744
34,Famille Eglinton,Canada,London,ON,6 Lunder Pass,L9N9N3,Page Web,4049339249
35,Famille Demcak,Canada,Kelowna,BC,58 Bunker Hill Center,K2C2C5,Page Web,4787655576
36,Famille Kobierski,Canada,Edmonton,AB,03178 Bartillon Court,G3H3H6,Page Web,6931660576
37,Famille Hallmark,Canada,Halifax,NS,94 Gulseth Crossing,T7A7A8,Telephone,4478981303
38,Famille Hanselmann,Canada,Richmond,BC,82558 Thackeray Terrace,T4C4C7,Telephone,8711221638
39,Famille Greenrodd,Canada,Vancouver,BC,0376 High Crossing Park,G8J8J7,Page Web,2612462824
40,Famille Lobell,Canada,Toronto,ON,331 Moulton Alley,M2N2N7,Page Web,2273897192
41,Famille Piperley,Canada,Montreal,QC,4 Quincy Drive,N2M2M6,Autre,7559236380
42,Famille Bowry,Canada,Montreal,QC,1541 Grasskamp Lane,H9P9P3,Page Web,5814098576
43,Famille Milverton,Canada,Halifax,NS,84536 Fisk Court,T9J9J1,Page Web,4611922316
44,Famille Boules,Canada,Victoria,BC,04 Buell Park,N2A2A4,Page Web,6508008060
45,Famille Dahlbom,Canada,Surrey,BC,38655 Wayridge Terrace,J1T1T2,Autre,1384274520
46,Famille Burmaster,Canada,Vancouver,BC,316 Surrey Lane,T4J4J9,Page Web,2741702148
47,Famille Clotworthy,Canada,Moncton,NB,09 Gina Hill,G5N5N8,Autre,8618360033
48,Famille Christophers,Canada,Vancouver,BC,1 Commercial Hill,V8S8S1,Page Web,2142569746
49,Famille Fleg,Canada,Waterloo,ON,5228 Namekagon Center,T1L1L9,Page Web,9334186371
50,Famille Parsons,Canada,Toronto,ON,254 Merchant Trail,M3H3H6,Page Web,8691036817
51,Famille Thams,Canada,Toronto,ON,665 Johnson Junction,G8B8B1,Autre,3603425915
52,Famille Veart,Canada,Quebec City,QC,97 Petterle Hill,L9S9S4,Page Web,9465549389
53,Famille Derry,Canada,Regina,SK,178 Harbort Point,E3G3G5,Autre,7353123745
54,Famille Errigo,Canada,Vancouver,BC,4 Lakewood Lane,H9K9K1,Telephone,2013236576
55,Famille Clementet,Canada,Montreal,QC,758 Red Cloud Way,L6E6E6,Telephone,5409063265
56,Famille Antoszczyk,Canada,Edmonton,AB,9292 Bluejay Hill,V9P9P5,Page Web,3805811539
57,Famille Lisimore,Canada,London,ON,19 Carioca Court,G8J8J9,Page Web,3405543286
58,Famille Cardoo,Canada,Ottawa,ON,13827 Laurel Terrace,J6V6V6,Page Web,7756975751
59,Famille Lumsden,Canada,Waterloo,ON,68958 Caliangt Point,J5T5T9,Autre,9645670935
60,Famille Comins,Canada,Halifax,NS,3 Steensland Parkway,N3E3E4,Telephone,3451672449
61,Famille Roocroft,Canada,Toronto,ON,64787 Randy Circle,G6R6R1,Page Web,4955295292
62,Famille Desborough,Canada,Vancouver,BC,632 Cherokee Avenue,G6G6G3,Page Web,3246180487
63,Famille Mary,Canada,Vancouver,BC,5 Bartillon Circle,K6A6A4,Page Web,3098952476
64,Famille Linkleter,Canada,Richmond,BC,41 Crest Line Road,K2C2C2,Page Web,5346060881
65,Famille Lovejoy,Canada,Regina,SK,48 Corscot Terrace,R2J2J8,Page Web,3032856543
66,Famille Corbyn,Canada,Vancouver,BC,198 Kings Center,V1R1R3,Page Web,9392727791
67,Famille Howie,Canada,Moncton,NB,4516 Bayside Drive,S4A4A5,Autre,6177522269
68,Famille Seville,Canada,Winnipeg,MB,89 Oak Crossing,J7A7A2,Telephone,8069079148
69,Famille Lanney,Canada,Winnipeg,MB,3949 Caliangt Court,J8E8E3,Telephone,6118714684
70,Famille Gromley,Canada,Surrey,BC,3 Thompson Parkway,M4P4P7,Page Web,8126940015
71,Famille Criple,Canada,Vancouver,BC,2184 Ronald Regan Road,V9C9C7,Page Web,3641188776
72,Famille Balaam,Canada,Hamilton,ON,1 Southridge Crossing,J8R8R6,Page Web,7564939641
73,Famille Ceillier,Canada,Hamilton,ON,2 Ridgeview Park,E5A5A9,Page Web,4005505245
74,Famille Stayt,Canada,London,ON,1 Sundown Hill,T7E7E9,Page Web,8073570550
75,Famille Darcy,Canada,Surrey,BC,67 Parkside Street,J7G7G9,Telephone,8304474430
76,Famille Southwood,Canada,Ottawa,ON,2 Dottie Junction,V9B9B7,Page Web,6676888033
77,Famille Jamot,Canada,Vancouver,BC,793 3rd Street,R8A8A2,Telephone,1314830839
78,Famille Baron,Canada,Waterloo,ON,381 Stone Corner Crossing,G5H5H6,Autre,7391861857
79,Famille Squibbes,Canada,Edmonton,AB,32843 Prentice Park,E6J6J7,Page Web,8986401658
80,Famille Curedell,Canada,Richmond,BC,5 Rockefeller Court,B4V4V1,Telephone,6265634820
81,Famille Mitroshinov,Canada,London,ON,992 Sullivan Alley,L3K3K6,Autre,3743025304
82,Famille Kimblin,Canada,Kelowna,BC,1724 Lillian Street,N9A9A2,Autre,2313751497
83,Famille Wiz,Canada,Calgary,AB,1 Arrowood Crossing,H3Z3Z9,Page Web,8868137257
84,Famille Moryson,Canada,Kingston,ON,91 Miller Way,T1V1V5,Telephone,7422469392
86,Famille Yanuk,Canada,Moncton,NB,76 Vernon Crossing,B0L0L1,Page Web,2449770939
87,Famille Rattray,Canada,Moncton,NB,4 Meadow Ridge Alley,G2L2L3,Telephone,1141317657
88,Famille Ourry,Canada,Halifax,NS,6693 New Castle Lane,A0A0A2,Page Web,8487487825
89,Famille Symms,Canada,Montreal,QC,5 Moulton Avenue,J4B4B1,Page Web,1813586464
90,Famille Joriot,Canada,Toronto,ON,33081 Buell Avenue,L5M5M8,Page Web,3568760415
91,Famille Kynoch,Canada,Quebec City,QC,5 Pawling Crossing,A1N1N3,Page Web,7853090180
92,Famille Aitken,Canada,London,ON,5747 Annamark Trail,T4T4T1,Autre,5825351521
93,Famille Lillyman,Canada,Kelowna,BC,0509 Dapin Trail,J5J5J1,Telephone,4312019398
94,Famille Wickwarth,Canada,Hamilton,ON,7 Crest Line Road,J6N6N3,Page Web,3678104560
95,Famille Kezar,Canada,Vancouver,BC,2552 Buhler Parkway,G3A3A7,Page Web,6829355130
96,Famille Peert,Canada,Victoria,BC,488 Stone Corner Plaza,J1J1J5,Autre,3117646941
97,Famille Stonehouse,Canada,London,ON,787 Rusk Crossing,H9A9A2,Page Web,5002031016
98,Famille Ethersey,Canada,Montreal,QC,00931 Golf View Center,V7A7A6,Page Web,2058762938
99,Famille Studman,Canada,Montreal,QC,64 Warbler Junction,N7V7V2,Page Web,1523574938
100,Famille Westell,Canada,Victoria,BC,61 Del Sol Circle,J6N6N7,Page Web,8879316267